Date,Pattern,Timeframe,Entry,Stop,Target,R:R,Volume_Spike,RSI,EMA_Aligned,VWAP_Bullish,Valid
2023-06-14 09:30:00-04:00,Force,1h,181.8699951171875,178.3633433532715,188.88329864501952,2.0,True,57.442831271678074,True,True,True
2024-07-24 09:30:00-04:00,Force,1h,224.3300018310547,219.92849395751952,233.13301757812502,2.0,True,92.22004958273683,True,True,True
2024-10-24 09:30:00-04:00,Force,1h,251.72000122070312,248.00489456176757,259.15021453857423,2.0,True,40.61017596681691,True,True,True
2024-11-27 09:30:00-05:00,Force,1h,244.0,239.41170181274413,253.17659637451175,2.0,True,55.22817135115847,True,True,True
2024-11-29 09:30:00-05:00,Force,1h,244.96499633789062,240.76799697875975,253.35899505615237,2.0,False,74.2188035512587,True,True,True
2025-05-05 09:30:00-04:00,Force,1h,305.8800048828125,294.0597894287109,329.52043579101564,2.0,True,77.33993295148754,True,True,True
2023-01-03 09:30:00-05:00,Revival,1h,170.58999633789062,167.51295181274415,178.2826076507568,2.4999999999999956,True,75.71457522173499,False,True,True
2023-01-06 10:30:00-05:00,Revival,1h,173.0800018310547,168.73560241699218,183.94100036621097,2.500000000000003,True,52.587408801115366,False,True,False
2023-01-10 09:30:00-05:00,Revival,1h,174.72999572753906,172.15109939575194,181.17723655700686,2.5,True,75.81067538755295,False,True,False
2023-01-13 09:30:00-05:00,Revival,1h,177.91009521484375,174.4479066467285,186.56556663513186,2.500000000000004,True,89.5989120807115,False,True,False
2023-01-13 10:30:00-05:00,Revival,1h,177.9499969482422,174.4479066467285,186.7052227020264,2.500000000000004,True,95.40289758442027,False,True,False
2023-01-13 12:30:00-05:00,Revival,1h,178.5050048828125,175.1244680786133,186.95634689331052,2.5,True,96.09895206057837,False,True,False
2023-01-18 09:30:00-05:00,Revival,1h,178.44000244140625,175.31909637451173,186.24226760864255,2.5,True,57.06560218755342,False,True,False
2023-01-31 09:30:00-05:00,Revival,1h,178.77999877929688,176.75459335327147,183.84351234436036,2.499999999999993,True,43.994762341233475,False,True,False
2023-02-01 15:30:00-05:00,Revival,1h,181.7100067138672,176.9328012084961,193.6530204772949,2.499999999999997,True,83.2942983694866,False,True,True
2023-02-14 09:30:00-05:00,Revival,1h,172.8527069091797,169.69590362548828,180.74471511840818,2.4999999999999956,True,41.74656476177453,False,False,False
2023-02-28 09:30:00-05:00,Revival,1h,169.58999633789062,166.9040963745117,176.3047462463379,2.5,True,65.58419039692447,True,False,False
2023-03-10 09:30:00-05:00,Revival,1h,173.30499267578125,168.32969879150392,185.7432273864746,2.5,True,79.61081897464706,False,False,False
2023-03-10 15:30:00-05:00,Revival,1h,173.85000610351562,171.27989456176758,180.27528495788573,2.4999999999999947,True,84.49798812415008,False,True,True
2023-03-13 09:30:00-04:00,Revival,1h,177.14999389648438,171.28980422973632,191.80046806335451,2.5,True,87.30229762659158,False,True,True
2023-03-13 10:30:00-04:00,Revival,1h,177.79989624023438,171.28980422973632,194.07512626647951,2.5,True,90.4945660610489,False,True,False
2023-03-17 09:30:00-04:00,Revival,1h,181.7490997314453,176.2150451660156,195.58423614501956,2.5,True,70.22654458335941,False,True,True
2023-03-17 10:30:00-04:00,Revival,1h,182.33999633789062,176.5268975830078,196.87274322509768,2.5000000000000027,True,70.3220780595903,False,True,True
2023-03-17 13:30:00-04:00,Revival,1h,184.1199951171875,179.8731024169922,194.73722686767576,2.5,True,82.63385624425352,False,True,True
2023-03-22 14:30:00-04:00,Revival,1h,182.97500610351562,179.0018975830078,192.90777740478518,2.5,True,41.34980171150073,False,True,True
2023-03-30 09:30:00-04:00,Revival,1h,183.0,180.46709335327148,189.3322666168213,2.5,True,57.72028735109575,True,True,False
2023-03-31 14:30:00-04:00,Revival,1h,183.1750030517578,180.97200302124023,188.6825031280518,2.5000000000000067,True,59.59988366295496,False,True,False
2023-04-03 09:30:00-04:00,Revival,1h,184.8300018310547,180.97200302124023,194.47499885559085,2.5000000000000036,True,69.07293551865293,False,True,False
2023-04-04 09:30:00-04:00,Revival,1h,187.92999267578125,182.40027923583983,201.7542762756348,2.5,True,78.06123845436382,False,True,True
2023-04-11 09:30:00-04:00,Revival,1h,186.1699981689453,182.88269577026367,194.3882541656494,2.4999999999999956,True,45.5656645445133,True,True,False
2023-04-18 09:30:00-04:00,Revival,1h,186.5749969482422,183.18959335327148,195.03850593566898,2.500000000000004,True,48.188184990416275,True,True,False
2023-04-24 11:30:00-04:00,Revival,1h,184.60000610351562,181.62540664672852,192.0365047454834,2.500000000000005,True,30.607710695192466,False,True,False
2023-04-25 12:30:00-04:00,Revival,1h,185.3000030517578,182.45700302124024,192.40750312805176,2.500000000000005,True,75.81655836224166,True,True,True
2023-04-25 13:30:00-04:00,Revival,1h,185.77000427246094,182.60549697875976,193.68127250671387,2.4999999999999956,True,80.45873751116466,False,True,False
2023-04-26 09:30:00-04:00,Revival,1h,186.1199951171875,183.4271987915039,192.85198593139648,2.5000000000000053,True,83.46261809181733,False,True,False
2023-05-02 10:30:00-04:00,Revival,1h,186.8699951171875,182.07090362548828,198.86772384643552,2.499999999999997,True,71.96457804215873,False,True,False
2023-05-02 11:30:00-04:00,Revival,1h,187.38999938964844,182.07090362548828,200.6877388000488,2.4999999999999973,True,74.23930571073963,False,True,False
2023-05-02 15:30:00-04:00,Revival,1h,187.5500030517578,183.5566891479492,197.5332878112793,2.5,True,75.66030022283513,False,True,True
2023-05-04 09:30:00-04:00,Revival,1h,190.9199981689453,185.52599395751952,204.4050086975098,2.5,True,82.04152981867554,False,True,True
2023-05-19 10:30:00-04:00,Revival,1h,183.47999572753906,179.81666564941406,192.63832092285156,2.5,True,44.20418673949343,True,True,False
2023-05-19 11:30:00-04:00,Revival,1h,183.60000610351562,179.9621987915039,192.69452438354492,2.5,True,44.639500297442005,True,True,False
2023-05-23 12:30:00-04:00,Revival,1h,183.24000549316406,180.65519577026367,189.70202980041503,2.5,True,39.377181105665635,False,True,False
2023-05-31 09:30:00-04:00,Revival,1h,182.625,180.04140060424805,189.08399848937987,2.5,True,72.0483816867314,False,True,True
2023-05-31 10:30:00-04:00,Revival,1h,183.24000549316406,180.04140060424805,191.23651771545408,2.5,True,86.61615761360574,False,True,False
2023-06-14 09:30:00-04:00,Revival,1h,181.8699951171875,178.3633433532715,190.63662452697753,2.5,True,57.442831271678074,True,True,False
2023-06-15 09:30:00-04:00,Revival,1h,181.889892578125,178.33859939575194,190.76812553405765,2.5,True,54.29065781717355,True,True,False
2023-06-30 09:30:00-04:00,Revival,1h,177.92999267578125,175.23,184.6799743652344,2.4999999999999947,True,62.64829166792316,True,False,False
2023-07-03 09:30:00-04:00,Revival,1h,178.8300018310547,176.26950302124024,185.23124885559082,2.5000000000000053,True,77.02692950079387,False,False,False
2023-07-12 09:30:00-04:00,Revival,1h,181.48500061035156,177.4575,191.55375213623046,2.5000000000000036,True,88.40634248642716,False,True,True
2023-07-18 09:30:00-04:00,Revival,1h,183.9550018310547,179.50680725097655,195.07548828125005,2.500000000000003,True,75.70914762238208,False,True,True
2023-07-18 10:30:00-04:00,Revival,1h,184.00999450683594,179.62579879760742,194.97048377990723,2.499999999999997,True,73.82549645025209,False,True,False
2023-07-25 09:30:00-04:00,Revival,1h,181.78900146484375,179.28900604248048,188.03899002075192,2.5,True,44.91735962721726,False,True,False
2023-07-26 10:30:00-04:00,Revival,1h,183.14999389648438,180.39769546508788,190.03073997497563,2.5000000000000053,True,70.77496543016895,False,True,False
2023-07-31 09:30:00-04:00,Revival,1h,182.5800018310547,179.9028012084961,189.27300338745115,2.5,True,76.8191237728424,False,True,False
2023-08-04 09:30:00-04:00,Revival,1h,180.2100067138672,177.59114456176758,186.7571620941162,2.5,True,60.79553336107643,True,False,False
2023-08-18 09:30:00-04:00,Revival,1h,175.74000549316406,173.18069274902345,182.13828735351558,2.4999999999999942,True,32.16381544841887,False,False,False
2023-08-23 09:30:00-04:00,Revival,1h,177.9600067138672,174.24,187.26002349853513,2.5,True,89.74394644176847,False,False,False
2023-08-24 10:30:00-04:00,Revival,1h,178.27000427246094,175.63590362548828,184.8552558898926,2.5000000000000053,True,85.15008051219253,False,False,False
2023-08-29 10:30:00-04:00,Revival,1h,179.63999938964844,176.12099395751952,188.43751296997073,2.499999999999996,True,87.46871440093794,False,False,False
2023-08-30 09:30:00-04:00,Revival,1h,180.6999969482422,177.69510543823242,188.2122257232666,2.5,True,84.41831263963542,False,True,False
2023-09-11 09:30:00-04:00,Revival,1h,178.55999755859375,176.20069427490233,184.4582557678223,2.5,True,59.65736233647703,True,False,False
2023-09-15 09:30:00-04:00,Revival,1h,178.89999389648438,175.25474395751954,188.01311874389648,2.500000000000004,True,73.18581770572607,False,False,False
2023-09-18 11:30:00-04:00,Revival,1h,179.0,176.5565963745117,185.1085090637207,2.4999999999999942,True,76.86340480985666,False,False,False
2023-10-05 14:30:00-04:00,Revival,1h,168.8249969482422,166.61700302124024,174.34498176574706,2.5,True,43.25580074946062,False,False,False
2023-10-06 09:30:00-04:00,Revival,1h,169.72500610351562,166.815,177.0000213623047,2.5,True,64.19580777750747,True,False,False
2023-10-09 10:30:00-04:00,Revival,1h,171.8300018310547,167.97825302124022,181.45937385559085,2.5,True,86.72469100545266,False,False,False
2023-10-11 09:30:00-04:00,Revival,1h,173.57000732421875,170.62650604248046,180.92876052856448,2.5,True,74.11441844064055,False,False,False
2023-10-13 10:30:00-04:00,Revival,1h,178.22999572753906,171.50760543823242,195.03597145080568,2.5,True,85.1769035146316,False,False,False
2023-10-13 11:30:00-04:00,Revival,1h,178.38999938964844,171.5175,195.57124786376949,2.499999999999998,True,84.92191784087929,False,False,False
2023-10-13 12:30:00-04:00,Revival,1h,178.80999755859375,174.95280120849608,188.4529884338379,2.4999999999999964,True,87.9130018397641,False,False,False
2023-10-19 13:30:00-04:00,Revival,1h,182.9199981689453,179.01180725097657,192.69047546386716,2.5,True,81.01924485399948,False,True,False
2023-10-25 09:30:00-04:00,Revival,1h,183.30999755859375,180.96209335327148,189.1797580718994,2.5,True,50.867011236747864,False,True,True
2023-10-27 09:30:00-04:00,Revival,1h,184.01499938964844,181.66995483398438,189.8776107788086,2.5,True,59.41254843480706,False,True,False
2023-10-27 13:30:00-04:00,Revival,1h,186.19000244140625,181.6353012084961,197.57675552368164,2.499999999999997,True,68.97434961109691,False,True,True
2023-11-03 09:30:00-04:00,Revival,1h,184.50999450683594,182.12040664672853,190.48396415710448,2.5000000000000058,True,48.476287729956404,True,True,False
2023-11-14 09:30:00-05:00,Revival,1h,182.52540588378906,178.5415512084961,192.48504257202148,2.4999999999999964,True,75.36734141330487,True,True,False
2023-11-21 09:30:00-05:00,Revival,1h,185.77999877929688,181.33829818725584,196.88425025939944,2.499999999999997,True,72.7170114998589,False,True,True
2023-11-27 09:30:00-05:00,Revival,1h,186.69500732421875,183.30840362548827,195.16151657104496,2.5,True,70.10464469158555,False,True,True
2023-11-28 09:30:00-05:00,Revival,1h,187.75999450683594,184.63004516601563,195.5848678588867,2.5,True,86.09809835504502,False,True,True
2023-11-28 10:30:00-05:00,Revival,1h,188.77999877929688,184.65974395751954,199.08063583374022,2.5,True,88.85747796192074,False,True,True
2023-11-28 11:30:00-05:00,Revival,1h,189.30999755859375,184.65974395751954,200.93563156127928,2.5,True,91.04348887567934,False,True,False
2023-11-28 15:30:00-05:00,Revival,1h,189.24000549316406,187.05060241699218,194.71351318359376,2.4999999999999933,True,84.87474017516678,False,True,True
2023-11-29 09:30:00-05:00,Revival,1h,189.27000427246094,187.06545181274413,194.78138542175296,2.5,True,81.06145107437226,False,True,False
2023-12-01 09:30:00-05:00,Revival,1h,189.89999389648438,186.63480422973632,198.0629680633545,2.4999999999999956,True,57.14305486832225,False,True,True
2023-12-01 11:30:00-05:00,Revival,1h,191.02999877929688,186.74370483398437,201.74573364257816,2.500000000000003,True,64.75048004832036,False,True,True
2023-12-01 12:30:00-05:00,Revival,1h,191.86500549316406,186.79814758300782,204.5321502685547,2.5000000000000027,True,69.11201282885122,False,True,True
2023-12-01 13:30:00-05:00,Revival,1h,191.88999938964844,187.61489456176758,202.57776145935057,2.5,True,68.54245051529527,False,True,False
2023-12-13 13:30:00-05:00,Revival,1h,185.94000244140625,181.54620483398438,196.92449645996095,2.500000000000003,True,81.74200406333313,True,True,True
2023-12-13 14:30:00-05:00,Revival,1h,186.88999938964844,181.6748945617676,199.92776145935056,2.5,True,86.16105640686787,False,True,True
2023-12-13 15:30:00-05:00,Revival,1h,187.6300048828125,181.6748945617676,202.51778068542478,2.5,True,88.97497196151349,False,True,True
2023-12-14 09:30:00-05:00,Revival,1h,189.3249969482422,181.6748945617676,208.4502529144287,2.5,True,91.3833073060235,False,True,False
2023-12-19 09:30:00-05:00,Revival,1h,189.3699951171875,185.8131024169922,198.26222686767576,2.5,True,56.175263685826316,False,True,False
2023-12-22 09:30:00-05:00,Revival,1h,191.19000244140625,187.01099395751953,201.63752365112305,2.5,True,76.90196720087954,False,True,False
2023-12-27 09:30:00-05:00,Revival,1h,192.5,188.82269577026366,201.69326057434085,2.500000000000004,True,66.99703029103148,False,True,True
2023-12-27 10:30:00-05:00,Revival,1h,192.82000732421875,189.0306024169922,202.29351959228512,2.4999999999999964,True,75.30112848940803,False,True,False
2023-12-28 09:30:00-05:00,Revival,1h,192.75999450683594,190.17900604248047,199.21246566772462,2.5,True,83.49598163030998,False,True,False
2024-01-02 10:30:00-05:00,Revival,1h,191.39999389648438,188.595,198.4124786376953,2.499999999999995,True,32.07476896575804,False,True,False
2024-01-03 14:30:00-05:00,Revival,1h,189.1501007080078,186.27840362548827,196.32934341430666,2.499999999999995,True,24.178709489698363,False,True,False
2024-01-11 09:30:00-05:00,Revival,1h,188.17999267578125,185.33295181274414,195.29759483337403,2.500000000000005,True,42.60084162988812,True,True,True
2024-01-12 09:30:00-05:00,Revival,1h,190.67999267578125,184.75370452880858,205.4957130432129,2.499999999999998,True,72.43486388596799,False,True,True
2024-01-19 09:30:00-05:00,Revival,1h,187.718505859375,185.13,194.1897705078125,2.5,True,76.36088376795249,True,True,False
2024-01-23 09:30:00-05:00,Revival,1h,187.58999633789062,185.1943524169922,193.57910614013673,2.5000000000000058,True,46.33947043585597,True,True,False
2024-01-29 09:30:00-05:00,Revival,1h,187.28199768066406,184.90873947143555,193.21514320373535,2.5000000000000058,True,54.364296834457704,True,True,False
2024-01-29 15:30:00-05:00,Revival,1h,188.3300018310547,185.73390060424805,194.82025489807128,2.5,True,72.52608228484281,False,True,True
2024-02-01 09:30:00-05:00,Revival,1h,189.7899932861328,186.24870483398436,198.64321441650395,2.500000000000004,True,63.64911639506385,False,True,True
2024-02-01 10:30:00-05:00,Revival,1h,190.80999755859375,186.24870483398436,202.21322937011723,2.500000000000003,True,68.85941082758558,False,True,True
2024-02-01 11:30:00-05:00,Revival,1h,190.85499572753906,186.24870483398436,202.37072296142583,2.500000000000003,True,67.99006093592854,False,True,False
2024-02-07 09:30:00-05:00,Revival,1h,188.8531036376953,186.3971987915039,194.99286575317382,2.5,True,84.26681010051936,False,True,True
2024-02-07 10:30:00-05:00,Revival,1h,188.90499877929688,186.3971987915039,195.17449874877929,2.5,True,83.88123200170651,False,True,False
2024-02-14 11:30:00-05:00,Revival,1h,184.47000122070312,181.9421987915039,190.7895072937012,2.5000000000000058,True,21.0779458578357,False,True,False
2024-02-15 09:30:00-05:00,Revival,1h,185.83999633789062,182.4371987915039,194.34699020385744,2.500000000000004,True,69.11772772378441,True,True,False
2024-02-16 09:30:00-05:00,Revival,1h,185.85000610351562,182.9866566467285,193.0083797454834,2.499999999999995,True,76.03649397786164,False,True,False
2024-02-23 09:30:00-05:00,Revival,1h,187.75,185.2487951660156,194.00301208496097,2.5,True,46.363134836930065,False,True,True
2024-02-23 10:30:00-05:00,Revival,1h,188.3173065185547,185.4368975830078,195.5183288574219,2.5,True,66.63047212406752,False,True,False
2024-03-01 10:30:00-05:00,Revival,1h,192.0850067138672,187.3575,203.9037734985352,2.500000000000003,True,84.8649537000306,False,True,True
2024-03-01 11:30:00-05:00,Revival,1h,192.99000549316406,187.3575,207.07126922607426,2.5000000000000027,True,87.0716934247054,False,True,False
2024-03-01 12:30:00-05:00,Revival,1h,193.2100067138672,187.54560241699218,207.3710174560547,2.4999999999999973,True,87.75006876964638,False,True,False
2024-03-04 10:30:00-05:00,Revival,1h,195.74839782714844,190.97099395751954,207.69190750122067,2.499999999999997,True,92.99489005183946,False,True,False
2024-03-04 11:30:00-05:00,Revival,1h,195.9550018310547,190.97099395751954,208.41502151489254,2.4999999999999973,True,93.6140376254651,False,True,False
2024-03-07 09:30:00-05:00,Revival,1h,199.36000061035156,196.12890060424803,207.4377506256104,2.5,True,66.92618431764548,False,True,False
2024-03-08 11:30:00-05:00,Revival,1h,203.07000732421875,197.83170181274414,216.16577110290527,2.5,True,83.555583686922,False,True,True
2024-03-18 10:30:00-04:00,Revival,1h,200.09500122070312,197.61390060424804,206.29775276184083,2.5,True,57.17432750153262,False,True,False
2024-03-20 09:30:00-04:00,Revival,1h,200.10000610351562,197.12879516601564,207.5280334472656,2.500000000000005,True,51.958945831655264,True,True,False
2024-03-20 13:30:00-04:00,Revival,1h,200.8300018310547,197.51489456176756,209.1177700042725,2.5,True,63.69121120068361,False,True,True
2024-03-20 14:30:00-04:00,Revival,1h,202.58999633789062,197.51489456176756,215.27775077819828,2.5,True,75.74498248299267,False,True,True
2024-03-27 09:30:00-04:00,Revival,1h,202.94000244140625,199.45530120849608,211.6517555236817,2.500000000000004,True,66.7168542331429,False,True,True
2024-03-28 09:30:00-04:00,Revival,1h,204.26499938964844,200.63340362548828,213.3439888000488,2.499999999999996,True,77.066303699284,False,True,True
2024-03-28 10:30:00-04:00,Revival,1h,205.0749969482422,200.72745483398438,215.9438522338867,2.5,True,88.43316230819252,False,True,True
2024-04-01 09:30:00-04:00,Revival,1h,206.72999572753906,203.26680725097657,215.3879669189453,2.5,True,86.66237626977544,False,True,True
2024-04-01 10:30:00-04:00,Revival,1h,207.3000030517578,203.30640060424804,217.28400917053224,2.5,True,91.81732924907327,False,True,False
2024-04-01 11:30:00-04:00,Revival,1h,207.5500030517578,203.36579818725585,218.01051521301272,2.5,True,91.93554120828787,False,True,False
2024-04-02 09:30:00-04:00,Revival,1h,210.63499450683594,204.96969909667968,224.7982330322266,2.5,True,90.06280085679408,False,True,False
2024-04-05 10:30:00-04:00,Revival,1h,215.1999969482422,208.90980422973632,230.92547874450685,2.5,True,72.3831519611681,False,True,False
2024-04-08 09:30:00-04:00,Revival,1h,215.3249969482422,212.46390060424804,222.47773780822757,2.500000000000005,True,67.67672408478317,False,True,False
2024-04-12 09:30:00-04:00,Revival,1h,223.47360229492188,215.70120483398438,242.90459594726562,2.5,True,79.36097372168322,False,True,True
2024-04-25 10:30:00-04:00,Revival,1h,215.92999267578125,212.19233642578124,225.27413330078127,2.499999999999996,True,60.000398072004586,True,True,False
2024-05-01 14:30:00-04:00,Revival,1h,214.86000061035156,210.2859036254883,226.29524307250975,2.5,True,42.83810119896215,True,True,True
2024-05-06 09:30:00-04:00,Revival,1h,215.16000366210938,210.3354066467285,227.22149620056155,2.499999999999997,True,67.65868810966933,True,True,False
2024-05-09 15:30:00-04:00,Revival,1h,216.94000244140625,213.4043975830078,225.77901458740234,2.499999999999996,True,77.27719838462338,False,True,True
2024-05-10 09:30:00-04:00,Revival,1h,218.4600067138672,213.6815963745117,230.40603256225586,2.499999999999997,True,82.3765083291279,False,True,True
2024-05-10 10:30:00-04:00,Revival,1h,218.77999877929688,213.86474395751952,231.06813583374026,2.5,True,82.75117625643202,False,True,False
2024-05-15 09:30:00-04:00,Revival,1h,219.01499938964844,215.47349395751954,227.8687629699707,2.500000000000004,True,69.74270095701768,False,True,True
2024-05-15 10:30:00-04:00,Revival,1h,220.6199951171875,215.47349395751954,233.48624801635742,2.5000000000000027,True,89.47704439392766,False,True,False
2024-05-17 10:30:00-04:00,Revival,1h,222.72000122070312,217.80989456176758,234.995267868042,2.5,True,68.7163753665051,False,True,False
2024-05-31 09:30:00-04:00,Revival,1h,216.6302947998047,214.0875,222.9872817993164,2.5000000000000058,True,46.68030413815548,False,True,False
2024-06-03 09:30:00-04:00,Revival,1h,216.39999389648438,212.50349395751954,226.14124374389647,2.5,True,42.34367126557799,True,True,False
2024-06-12 09:30:00-04:00,Revival,1h,215.13999938964844,211.46400604248046,224.32998275756836,2.499999999999996,True,71.61446853254179,True,True,False
2024-06-14 13:30:00-04:00,Revival,1h,215.88999938964844,212.84010543823243,223.51473426818848,2.5000000000000044,True,51.869705905090065,False,True,False
2024-06-18 09:30:00-04:00,Revival,1h,215.11000061035156,211.79069274902344,223.40827026367188,2.5,True,41.85294727125445,False,True,False
2024-06-27 09:30:00-04:00,Revival,1h,214.9199981689453,210.3156024169922,226.4309875488281,2.5,True,49.575528031729824,True,True,False
2024-07-03 09:30:00-04:00,Revival,1h,218.13999938964844,212.67674697875975,231.79813041687015,2.5,True,79.40133092957372,False,True,True
2024-07-03 10:30:00-04:00,Revival,1h,218.52999877929688,212.92920181274414,232.5319911956787,2.4999999999999973,True,79.8045125030545,False,True,True
2024-07-09 09:30:00-04:00,Revival,1h,218.4373016357422,215.5823945617676,225.57456932067868,2.499999999999995,True,35.75058931754154,False,True,False
2024-07-11 09:30:00-04:00,Revival,1h,222.55999755859375,216.9684036254883,236.5389823913574,2.5,True,77.42220977226731,False,True,True
2024-07-11 10:30:00-04:00,Revival,1h,223.7899932861328,216.97829818725586,240.8192310333252,2.5,True,89.24044764991521,False,True,True
2024-07-16 10:30:00-04:00,Revival,1h,227.47000122070312,221.56200302124023,242.23999671936036,2.5,True,78.76112340346728,False,True,True
2024-07-16 11:30:00-04:00,Revival,1h,227.74000549316406,221.56200302124023,243.18501167297364,2.5,True,78.40621806777818,False,True,False
2024-07-17 09:30:00-04:00,Revival,1h,228.35000610351562,225.39329818725585,235.74177589416507,2.500000000000005,True,79.77688537603242,False,True,False
2024-07-30 12:30:00-04:00,Revival,1h,222.52560424804688,218.15144577026368,233.46100044250488,2.500000000000003,True,67.01178765662996,False,True,False
2024-07-31 15:30:00-04:00,Revival,1h,226.52000427246094,221.63129516601563,238.74177703857418,2.499999999999997,True,84.09968663297454,False,True,True
2024-08-12 09:30:00-04:00,Revival,1h,226.36000061035156,222.1262951660156,236.94426422119145,2.5,True,70.39547426582095,False,True,False
2024-08-15 09:30:00-04:00,Revival,1h,226.6300048828125,222.86879516601562,236.0330291748047,2.5,True,31.296803652968038,True,True,False
2024-08-16 10:30:00-04:00,Revival,1h,229.91000366210938,224.51715362548828,243.39212875366212,2.5,True,75.81602575422106,False,True,False
2024-08-16 15:30:00-04:00,Revival,1h,231.89999389648438,228.15540664672852,241.261462020874,2.5,True,88.81299973562541,False,True,False
2024-08-20 09:30:00-04:00,Revival,1h,233.22999572753906,228.84107711791992,244.20229225158693,2.500000000000003,True,82.09081752984821,False,True,True
2024-08-23 09:30:00-04:00,Revival,1h,232.30999755859375,226.69019577026367,246.35950202941893,2.4999999999999973,True,55.89056685497192,True,True,False
2024-09-12 09:30:00-04:00,Revival,1h,235.05999755859375,229.60090393066406,248.70773162841797,2.5,True,79.36379516410776,False,True,True
2024-09-12 10:30:00-04:00,Revival,1h,235.92999267578125,229.60090393066406,251.75271453857422,2.5,True,78.72674155493056,False,True,False
2024-09-12 15:30:00-04:00,Revival,1h,236.32000732421875,232.81829818725586,245.07428016662595,2.499999999999996,True,73.35871332680853,False,True,True
2024-09-13 09:30:00-04:00,Revival,1h,238.19180297851562,233.36280120849608,250.2643074035645,2.5,True,87.17637911717799,False,True,False
2024-09-20 09:30:00-04:00,Revival,1h,241.50999450683594,236.52090362548827,253.9827217102051,2.5000000000000027,True,65.81132472266522,False,True,False
2024-09-24 11:30:00-04:00,Revival,1h,244.60400390625,240.15915664672852,255.7161220550537,2.499999999999997,True,71.71429779573887,False,True,False
2024-09-24 12:30:00-04:00,Revival,1h,244.99000549316406,240.71849395751954,255.66878433227538,2.500000000000003,True,77.42402230191871,False,True,False
2024-09-25 09:30:00-04:00,Revival,1h,246.3300018310547,242.39655120849608,256.16362838745124,2.500000000000007,True,81.20691532717127,False,True,False
2024-10-01 09:30:00-04:00,Revival,1h,246.25999450683594,240.075,261.7224807739258,2.4999999999999956,True,52.20747242975229,True,True,False
2024-10-01 12:30:00-04:00,Revival,1h,246.5500030517578,242.60939758300782,256.40151672363277,2.499999999999993,True,62.84289514039247,False,True,False
2024-10-10 09:30:00-04:00,Revival,1h,242.36000061035156,238.24349395751952,252.6512672424317,2.5000000000000036,True,47.266327222622905,True,True,False
2024-10-15 09:30:00-04:00,Revival,1h,245.6699981689453,242.0846987915039,254.63324661254882,2.5,True,58.01751865082366,False,True,True
2024-10-15 10:30:00-04:00,Revival,1h,246.0200958251953,242.0846987915039,255.85858840942382,2.5,True,55.82951875462196,False,True,False
2024-10-17 09:30:00-04:00,Revival,1h,248.4149932861328,244.4409036254883,258.3502174377441,2.4999999999999964,True,71.94249693847182,False,True,False
2024-10-18 10:30:00-04:00,Revival,1h,251.02999877929688,245.85659637451172,263.96350479125977,2.5000000000000027,True,79.22287048905879,False,True,False
2024-10-24 09:30:00-04:00,Revival,1h,251.72000122070312,248.00489456176757,261.00776786804204,2.5000000000000075,True,40.61017596681691,True,True,False
2024-10-29 09:30:00-04:00,Revival,1h,255.7100067138672,250.57890060424805,268.53777198791505,2.5000000000000027,True,78.87734468803563,False,True,True
2024-11-18 09:30:00-05:00,Revival,1h,241.16000366210938,233.99640060424804,259.0690113067627,2.5,True,72.02828011212348,True,True,False
2024-11-20 09:30:00-05:00,Revival,1h,244.3000030517578,240.12450302124023,254.73875312805177,2.5,True,78.23749447690454,False,True,False
2024-11-21 09:30:00-05:00,Revival,1h,246.17999267578125,241.95599395751952,256.7399894714356,2.5000000000000067,True,80.50240120165863,False,True,False
2024-11-22 09:30:00-05:00,Revival,1h,249.27699279785156,243.83700302124024,262.8769672393799,2.5000000000000027,True,88.47965193099023,False,True,False
2024-11-27 09:30:00-05:00,Revival,1h,244.0,239.41170181274413,255.47074546813968,2.5,True,55.22817135115847,True,True,True
2024-12-06 09:30:00-05:00,Revival,1h,243.5500030517578,239.85621688842772,252.78446846008302,2.499999999999996,True,35.863440791721445,False,True,False
2024-12-10 09:30:00-05:00,Revival,1h,248.14999389648438,242.80691116333008,261.5077007293701,2.4999999999999947,True,75.32531901845644,False,True,False
2024-12-11 09:30:00-05:00,Revival,1h,250.36000061035156,245.94569274902344,261.39577026367186,2.499999999999997,True,77.4849594859798,False,True,True
2024-12-11 10:30:00-05:00,Revival,1h,250.7899932861328,245.94569274902344,262.90074462890624,2.499999999999997,True,82.83819478296357,False,True,True
2024-12-11 12:30:00-05:00,Revival,1h,251.0749969482422,246.4803012084961,262.56173629760747,2.500000000000006,True,90.90930610756953,False,True,False
2024-12-19 12:30:00-05:00,Revival,1h,239.30999755859375,236.34269577026367,246.72825202941894,2.5,True,11.713723162724094,False,True,False
2025-01-02 10:30:00-05:00,Revival,1h,245.16000366210938,239.60969879150392,259.03576583862304,2.5000000000000027,True,93.77742022767245,False,True,True
2025-01-07 09:30:00-05:00,Revival,1h,244.7100067138672,240.55019577026366,255.10953407287602,2.5,True,66.09851112035881,False,True,False
2025-01-08 09:30:00-05:00,Revival,1h,245.92999267578125,241.81739456176757,256.2114879608155,2.500000000000007,True,74.478900103314,False,True,False
2025-01-08 10:30:00-05:00,Revival,1h,246.10000610351562,241.85700302124025,256.7075138092041,2.5000000000000067,True,76.35049166762585,False,True,False
2025-01-10 09:30:00-05:00,Revival,1h,248.72000122070312,242.27775604248046,264.8256141662598,2.5000000000000044,True,76.94937640874608,False,True,True
2025-01-16 09:30:00-05:00,Revival,1h,250.77000427246094,245.88629516601563,262.9792770385742,2.499999999999997,True,94.35136960029418,False,True,True
2025-01-16 10:30:00-05:00,Revival,1h,250.7899932861328,246.0446987915039,262.65322952270515,2.5000000000000058,True,94.2683723129477,False,True,False
2025-01-24 09:30:00-05:00,Revival,1h,257.0,251.23230422973631,271.4192394256592,2.5,True,70.99783784994904,False,True,True
2025-01-30 10:30:00-05:00,Revival,1h,257.6099853515625,250.76700302124024,274.71744117736813,2.499999999999998,True,69.25919189791992,False,True,False
2025-01-31 09:30:00-05:00,Revival,1h,259.32330322265625,254.94478912353514,270.269588470459,2.4999999999999933,True,83.11822358289744,False,True,False
2025-02-03 09:30:00-05:00,Revival,1h,260.30999755859375,255.28138549804686,272.881527709961,2.5000000000000058,True,72.0898269376186,False,True,False
2025-02-05 09:30:00-05:00,Revival,1h,265.44000244140625,259.5087048339844,280.2682464599609,2.499999999999995,True,84.6403666397402,False,True,True
2025-02-07 09:30:00-05:00,Revival,1h,266.0,260.2512048339844,280.371987915039,2.5,True,53.85643551871685,False,True,True
2025-02-10 09:30:00-05:00,Revival,1h,268.3500061035156,261.1718975830078,286.2952774047851,2.499999999999996,True,76.7711332940574,False,True,True
2025-02-13 09:30:00-05:00,Revival,1h,269.010009765625,264.28051208496095,280.83375396728513,2.5,True,62.33700642791551,False,True,False
2025-02-18 09:30:00-05:00,Revival,1h,269.9800109863281,262.79551208496093,287.9412582397461,2.5,True,54.8175587398109,True,True,False
2025-03-03 09:30:00-05:00,Revival,1h,266.5199890136719,259.2612048339844,284.6669494628906,2.5,True,56.077232402539195,True,True,False
2025-03-04 09:30:00-05:00,Revival,1h,268.1578063964844,262.85490966796874,281.41504821777346,2.5,True,82.93615710228795,False,True,False
2025-03-13 10:30:00-04:00,Revival,1h,274.0299987792969,267.6068975830078,290.0877517700195,2.5,True,85.3779295034243,False,True,True
2025-03-13 11:30:00-04:00,Revival,1h,274.7200927734375,267.6068975830078,292.5030807495117,2.5,True,86.41310270741542,False,True,False
2025-03-13 12:30:00-04:00,Revival,1h,274.7699890136719,268.83448791503906,289.6087417602539,2.5,True,87.1617698066588,False,True,False
2025-03-18 09:30:00-04:00,Revival,1h,279.3999938964844,273.6162048339844,293.8594665527343,2.5,True,84.6043278021688,False,True,False
2025-03-27 10:30:00-04:00,Revival,1h,281.6300048828125,275.34375,297.34564208984375,2.5,True,76.61158882706681,False,True,False
2025-03-27 14:30:00-04:00,Revival,1h,281.860595703125,278.1503915405273,291.13610610961916,2.4999999999999925,True,77.19123410991693,False,True,True
2025-03-27 15:30:00-04:00,Revival,1h,281.94000244140625,278.1503915405273,291.41402969360354,2.4999999999999925,True,77.1534328358209,False,True,True
2025-03-28 09:30:00-04:00,Revival,1h,283.6798095703125,278.1503915405273,297.5033546447754,2.4999999999999947,True,85.85773269586602,False,True,True
2025-03-28 10:30:00-04:00,Revival,1h,283.989990234375,278.83536712646486,296.8765480041503,2.4999999999999947,True,86.33103359241807,False,True,False
2025-03-31 10:30:00-04:00,Revival,1h,287.7900085449219,280.59569274902344,305.77579803466796,2.5,True,89.79727838043526,False,True,False
2025-04-01 09:30:00-04:00,Revival,1h,288.32501220703125,284.4765060424805,297.9462776184082,2.5000000000000075,True,86.26111317572396,False,True,True
2025-04-09 09:30:00-04:00,Revival,1h,284.3389892578125,271.4975903320312,316.4424865722657,2.5,True,64.37063038716144,True,True,False
2025-04-10 09:30:00-04:00,Revival,1h,289.90509033203125,278.2296084594727,319.09379501342767,2.499999999999998,True,74.78150597219087,False,True,False
2025-04-16 09:30:00-04:00,Revival,1h,305.3056945800781,294.20819274902345,333.0494491577148,2.4999999999999973,True,96.17470137126892,False,True,True
2025-04-16 10:30:00-04:00,Revival,1h,305.3699951171875,294.47551208496094,332.60620269775393,2.5000000000000027,True,96.15108801037239,False,True,True
2025-04-16 11:30:00-04:00,Revival,1h,307.0849914550781,294.47551208496094,338.6086898803711,2.500000000000002,True,97.1454313498702,False,True,False
2025-04-21 09:30:00-04:00,Revival,1h,315.9031982421875,302.14801208496095,350.29116363525384,2.499999999999998,True,77.01004771068068,False,True,False
2025-04-22 09:30:00-04:00,Revival,1h,316.3699951171875,311.00849395751953,329.77374801635744,2.5000000000000053,True,85.49388753503219,False,True,True
2025-05-02 09:30:00-04:00,Revival,1h,299.82000732421875,292.8518975830078,317.24028167724606,2.5,True,32.6365816726903,False,True,False
2025-05-05 09:30:00-04:00,Revival,1h,305.8800048828125,294.20819274902345,335.0595352172851,2.499999999999998,True,77.33993295148754,True,True,False
2025-05-15 09:30:00-04:00,Revival,1h,295.4100036621094,289.04039154052737,311.3340339660644,2.5,True,37.27726965985613,False,True,False
2025-05-21 09:30:00-04:00,Revival,1h,304.70001220703125,299.4453012084961,317.83678970336905,2.4999999999999947,True,91.09354442354322,False,True,False
2025-05-29 09:30:00-04:00,Revival,1h,305.0299987792969,300.51448791503907,316.31877593994136,2.499999999999994,True,61.740886083148496,True,True,False
2025-06-02 09:30:00-04:00,Revival,1h,310.8299865722656,300.19771087646484,337.4106758117676,2.5,True,71.04201449936448,False,True,False
2025-06-05 09:30:00-04:00,Revival,1h,310.9700012207031,307.13759033203127,320.55102844238274,2.4999999999999925,True,78.27590572588008,False,True,True
2025-06-12 09:30:00-04:00,Revival,1h,312.1700134277344,302.7915060424805,335.6162818908691,2.5,True,73.16881710983839,False,True,False
2025-06-13 09:30:00-04:00,Revival,1h,316.5799865722656,308.14740966796876,337.6614288330078,2.5,True,83.57254256379153,False,True,True
2025-06-20 09:30:00-04:00,Revival,1h,310.30999755859375,306.15749999999997,320.69124145507817,2.4999999999999933,True,37.47889010025866,False,True,False
2025-07-01 09:30:00-04:00,Revival,1h,308.739990234375,300.01948791503906,330.54124603271487,2.500000000000003,True,89.6533478980696,False,True,False
2025-07-11 09:30:00-04:00,Revival,1h,309.0400085449219,302.34351654052733,325.7812385559082,2.4999999999999956,True,86.75348808558257,False,True,False
2025-07-21 10:30:00-04:00,Revival,1h,313.1499938964844,305.23680725097654,332.93296051025396,2.5,True,89.27624689095431,False,True,False
2025-07-21 15:30:00-04:00,Revival,1h,313.07000732421875,309.2265060424805,322.67876052856445,2.5000000000000075,True,84.4628187673056,False,True,True
2025-07-22 09:30:00-04:00,Revival,1h,315.1600036621094,309.2661145019531,329.89472656250007,2.5,True,85.79768713380784,False,True,True
2025-07-22 10:30:00-04:00,Revival,1h,315.489990234375,309.38490966796877,330.7526916503906,2.5000000000000044,True,86.64978121047756,False,True,False
2025-07-22 13:30:00-04:00,Revival,1h,315.8900146484375,311.9886145019531,325.6435150146484,2.499999999999993,True,88.95072015236282,False,True,False
2025-08-01 10:30:00-04:00,Revival,1h,308.4599914550781,299.88090362548826,329.9077110290528,2.5,True,70.84322665540162,False,True,False
2025-08-01 15:30:00-04:00,Revival,1h,309.1700134277344,304.5437951660156,320.7355590820313,2.500000000000006,True,85.3759721588558,False,True,False
2025-08-07 09:30:00-04:00,Revival,1h,311.4049987792969,307.1178012084961,322.1229927062989,2.5,True,52.399228368565105,False,True,False
2025-08-07 15:30:00-04:00,Revival,1h,313.05499267578125,308.4344879150391,324.60625457763666,2.5,True,75.03231262665751,False,True,True
2025-08-15 15:30:00-04:00,Revival,1h,307.4599914550781,303.94978912353514,316.2354972839356,2.500000000000008,True,32.51276417791205,False,True,False
2025-08-22 10:30:00-04:00,Revival,1h,310.8599853515625,303.3656927490234,329.5957168579102,2.5,True,75.96157631589307,False,True,False
2025-08-26 10:30:00-04:00,Revival,1h,311.3699951171875,306.7168524169922,323.00285186767576,2.5,True,55.29410273955246,False,True,True
2025-08-26 11:30:00-04:00,Revival,1h,311.6195068359375,306.7168524169922,323.87614288330076,2.5,True,67.64274426152832,False,True,False
2025-08-28 09:30:00-04:00,Revival,1h,313.9410095214844,309.20668670654294,325.77681655883794,2.499999999999994,True,82.67881676372966,False,True,False
2025-08-28 14:30:00-04:00,Revival,1h,314.7300109863281,310.2065963745117,326.03854751586914,2.5,True,76.94232602478552,False,True,True
2025-08-28 15:30:00-04:00,Revival,1h,314.9599914550781,311.09759033203125,324.6159942626953,2.5,True,77.51294313156961,False,True,True
2025-08-29 09:30:00-04:00,Revival,1h,316.36700439453125,311.1668975830078,329.36727142333984,2.5000000000000053,True,90.26152631605413,False,True,True
2025-08-29 10:30:00-04:00,Revival,1h,317.19000244140625,311.3846987915039,331.70326156616204,2.499999999999995,True,90.85379387860155,False,True,False
2025-09-02 09:30:00-04:00,Revival,1h,322.45001220703125,313.62210845947266,344.51977157592773,2.5,True,91.99483090492299,False,True,True
2025-09-02 10:30:00-04:00,Revival,1h,323.4150085449219,313.7409036254883,347.6002708435059,2.5,True,96.52749732917458,False,True,False
2025-09-03 09:30:00-04:00,Revival,1h,328.05999755859375,321.2450903320312,345.0972656250001,2.500000000000004,True,97.25210759721585,False,True,False
2025-09-05 09:30:00-04:00,Revival,1h,329.42999267578125,322.76474395751956,346.09311447143546,2.4999999999999956,True,57.5343891190075,False,True,False
2025-09-08 09:30:00-04:00,Revival,1h,334.1700134277344,327.39301208496096,351.11251678466795,2.500000000000004,True,88.36194281135361,False,True,True
2025-09-08 10:30:00-04:00,Revival,1h,334.7449951171875,327.42271087646486,353.0507057189941,2.5,True,88.72413119068791,False,True,False
2025-09-09 09:30:00-04:00,Revival,1h,336.2550048828125,330.91740966796874,349.5989929199219,2.5,True,86.20771163609989,False,True,True
2025-09-12 12:30:00-04:00,Revival,1h,335.760009765625,331.87771087646485,345.4657569885254,2.500000000000007,True,53.7735943523757,False,True,False
2025-09-15 11:30:00-04:00,Revival,1h,339.1400146484375,332.0063854980469,356.974087524414,2.499999999999996,True,78.95559899469421,False,True,False
2025-09-16 09:30:00-04:00,Revival,1h,339.9100036621094,334.97146087646485,352.2563606262207,2.5000000000000058,True,76.78290654634377,False,True,True
2025-09-22 09:30:00-04:00,Revival,1h,342.5299987792969,334.575436706543,362.41640396118163,2.5,True,94.34266292941193,False,True,False
2025-09-23 09:30:00-04:00,Revival,1h,347.1099853515625,340.82728912353514,362.8167259216309,2.5,True,95.3803844014585,False,True,False
2025-09-25 09:30:00-04:00,Revival,1h,343.5398864746094,338.71861450195314,355.59306640624993,2.4999999999999942,True,32.65372696134398,False,True,False
2025-09-30 09:30:00-04:00,Revival,1h,353.8099060058594,347.35634033203127,369.9438201904296,2.4999999999999956,True,77.9261751144361,False,True,False
2025-10-01 09:30:00-04:00,Revival,1h,356.6700134277344,349.90560241699217,373.58104095458987,2.499999999999996,True,78.99054979409502,False,True,True
2025-10-06 10:30:00-04:00,Revival,1h,363.4898986816406,353.78638549804685,387.748681640625,2.499999999999997,True,94.63208622922568,False,True,False
2025-10-14 09:30:00-04:00,Revival,1h,380.3800048828125,372.6706475830078,399.65339813232424,2.4999999999999964,True,82.02019973470524,False,True,False
2025-10-16 09:30:00-04:00,Revival,1h,392.239990234375,381.34801208496094,419.46993560791014,2.5,True,83.29997292322878,False,True,True
2025-10-16 11:30:00-04:00,Revival,1h,394.6400146484375,383.1200903320312,423.4398254394532,2.5000000000000027,True,86.95026326754801,False,True,True
2025-10-20 09:30:00-04:00,Revival,1h,398.11199951171875,382.2984036254883,437.64598922729493,2.5,True,58.99450272059235,False,True,False
2025-10-29 09:30:00-04:00,Revival,1h,369.5400085449219,359.3006927490234,395.13829803466797,2.4999999999999973,True,54.95554561441956,True,True,False
2025-11-10 09:30:00-05:00,Revival,1h,376.2200012207031,363.7259939575195,407.4550193786622,2.500000000000002,True,76.40719995686227,False,True,False
2025-11-12 09:30:00-05:00,Revival,1h,383.3450012207031,373.9628924560547,406.80027313232415,2.499999999999997,True,84.04156047147748,False,True,True
2025-11-12 10:30:00-05:00,Revival,1h,385.1300048828125,375.00210845947265,410.4497459411621,2.5,True,85.9659335699485,False,True,True
2025-11-12 11:30:00-05:00,Revival,1h,386.05999755859375,375.6059939575195,412.19500656127934,2.4999999999999973,True,86.61813575775952,False,True,False
2025-10-02 15:00:00-04:00,Force,15m,354.6499938964844,349.81650604248046,364.3169696044922,2.0,False,74.63769313393374,True,True,True
2025-08-26 10:45:00-04:00,Revival,15m,311.1400146484375,307.20194274902343,320.9851943969727,2.500000000000007,True,61.80642469753859,False,True,True
2025-08-26 11:15:00-04:00,Revival,15m,311.3699951171875,307.53853912353514,320.94863510131836,2.4999999999999925,True,62.901086756308715,False,True,True
2025-08-26 11:30:00-04:00,Revival,15m,311.6400146484375,307.71180725097656,321.46053314208984,2.5,True,66.34445868198588,False,True,False
2025-08-26 11:45:00-04:00,Revival,15m,311.80999755859375,307.9493975830078,321.46149749755864,2.5,True,71.13519091847266,False,True,False
2025-08-26 14:15:00-04:00,Revival,15m,311.4599914550781,308.11771087646486,319.8156929016113,2.5000000000000084,True,61.93946571317953,False,True,False
2025-08-26 15:45:00-04:00,Revival,15m,312.07000732421875,308.55331329345705,320.861742401123,2.500000000000008,True,70.67391182566803,False,True,False
2025-08-28 09:30:00-04:00,Revival,15m,313.4700012207031,309.35521087646487,323.75697708129877,2.5,True,74.80540424901673,False,True,True
2025-08-28 09:45:00-04:00,Revival,15m,313.6199951171875,309.35521087646487,324.2819557189941,2.5,True,75.72153504598795,False,True,False
2025-08-28 10:00:00-04:00,Revival,15m,314.010009765625,309.4146084594727,325.4985130310058,2.5,True,79.3671329613757,False,True,False
2025-08-28 14:45:00-04:00,Revival,15m,314.7900085449219,311.37478912353515,323.3280570983887,2.5,True,92.71610178055336,False,True,True
2025-08-29 09:30:00-04:00,Revival,15m,315.3399963378906,311.44409637451173,325.0797462463379,2.500000000000007,True,82.71607263959008,False,True,True
2025-08-29 10:00:00-04:00,Revival,15m,316.3399963378906,311.48370483398435,328.4807250976563,2.5,True,88.97646309668272,False,True,False
2025-08-29 10:15:00-04:00,Revival,15m,316.36700439453125,311.4936145019531,328.5504791259766,2.5000000000000058,True,90.86180557239506,False,True,False
2025-08-29 10:45:00-04:00,Revival,15m,316.8500061035156,312.55289154052736,327.5927925109863,2.5000000000000067,True,91.57481723266784,False,True,True
2025-08-29 11:00:00-04:00,Revival,15m,316.9700012207031,312.8708770751953,327.21781158447266,2.500000000000007,True,91.87245239070892,False,True,False
2025-08-29 11:15:00-04:00,Revival,15m,317.19000244140625,312.98849395751955,327.693773651123,2.5000000000000067,True,92.4587014598321,False,True,False
2025-08-29 15:45:00-04:00,Revival,15m,318.04998779296875,313.7409036254883,328.82269821166994,2.5,True,66.46321796303188,False,True,True
2025-09-02 09:30:00-04:00,Revival,15m,321.32501220703125,313.91930786132815,339.83927307128897,2.499999999999996,True,85.2281296104038,False,True,True
2025-09-02 09:45:00-04:00,Revival,15m,321.3500061035156,313.92900604248047,339.9025062561035,2.499999999999996,True,84.76442741208295,False,True,True
2025-09-02 10:00:00-04:00,Revival,15m,322.0199890136719,314.30521087646486,341.30693435668945,2.5000000000000036,True,89.00134255912424,False,True,False
2025-09-02 15:30:00-04:00,Revival,15m,325.80169677734375,321.3143975830078,337.0199447631836,2.5,True,76.98633603238866,False,True,True
2025-09-05 09:45:00-04:00,Revival,15m,330.8900146484375,323.34388549804686,349.75533752441413,2.5000000000000036,True,83.24890658322101,False,True,True
2025-09-08 09:30:00-04:00,Revival,15m,334.29998779296875,327.42271087646486,351.49318008422847,2.5,True,82.17240536672213,False,True,True
2025-09-08 09:45:00-04:00,Revival,15m,334.44000244140625,327.42271087646486,351.9832313537597,2.5,True,82.53865134859441,False,True,True
2025-09-08 10:00:00-04:00,Revival,15m,334.6000061035156,327.43754516601564,352.5061584472656,2.5,True,86.2509697997184,False,True,False
2025-09-08 10:45:00-04:00,Revival,15m,335.1300048828125,330.71939758300783,346.1565231323242,2.5000000000000067,True,82.93950241454877,False,True,False
2025-09-08 15:45:00-04:00,Revival,15m,334.7699890136719,331.02629516601564,344.12922363281245,2.5,True,40.96320710297975,False,True,True
2025-09-09 09:30:00-04:00,Revival,15m,337.25,331.02629516601564,352.8092620849609,2.5,True,74.4617743118043,False,True,True
2025-09-10 14:15:00-04:00,Revival,15m,335.8599853515625,331.9271987915039,345.69195175170904,2.5,True,51.880019296801834,False,True,False
2025-09-11 15:45:00-04:00,Revival,15m,334.70001220703125,330.89759033203126,344.2060668945312,2.4999999999999925,True,49.66182364729459,True,True,True
2025-09-12 09:30:00-04:00,Revival,15m,336.0799865722656,331.0461145019531,348.6646667480469,2.5000000000000058,True,77.68309431073688,False,True,False
2025-09-12 12:30:00-04:00,Revival,15m,335.7300109863281,331.96680725097656,345.13802032470704,2.5,True,65.63361926609599,False,True,True
2025-09-12 13:00:00-04:00,Revival,15m,335.9800109863281,332.0311596679687,345.85213928222663,2.5,True,47.77826004394651,False,True,False
2025-09-15 11:45:00-04:00,Revival,15m,338.79998779296875,333.82305725097655,351.2423141479493,2.5000000000000058,True,77.94540766222354,False,True,False
2025-09-15 12:15:00-04:00,Revival,15m,339.1400146484375,334.0953012084961,351.75179824829104,2.5000000000000058,True,82.55676037257514,False,True,False
2025-09-16 15:45:00-04:00,Revival,15m,339.60931396484375,336.05055725097657,348.5062057495117,2.5,True,51.386914760735664,False,True,True
2025-09-17 14:00:00-04:00,Revival,15m,339.44000244140625,332.56081329345704,356.63797531127926,2.5,True,57.096729735583075,False,True,True
2025-09-17 15:15:00-04:00,Revival,15m,337.239990234375,332.1647891235352,349.92799301147454,2.4999999999999942,True,34.513981759861636,False,True,False
2025-09-18 15:45:00-04:00,Revival,15m,335.5899963378906,331.6549548339844,345.4276000976562,2.499999999999993,True,58.659426297463106,True,True,True
2025-09-19 09:30:00-04:00,Revival,15m,336.57000732421875,331.7390963745117,348.6472846984864,2.4999999999999942,True,75.48666816602945,True,True,False
2025-09-19 11:00:00-04:00,Revival,15m,338.0199890136719,333.1844879150391,350.10874176025385,2.5,True,89.67375980627934,False,True,False
2025-09-22 09:30:00-04:00,Revival,15m,342.17999267578125,335.4615060424805,358.9762092590331,2.4999999999999956,True,94.66180100621189,False,True,True
2025-09-22 09:45:00-04:00,Revival,15m,342.6099853515625,335.4615060424805,360.4811836242675,2.499999999999996,True,98.63953314379769,False,True,False
2025-09-22 15:45:00-04:00,Revival,15m,344.92999267578125,341.0253012084961,354.6917213439941,2.5,True,70.19650933994328,False,True,True
2025-09-23 09:30:00-04:00,Revival,15m,348.4100036621094,341.0253012084961,366.87175979614256,2.5,True,87.39795890803201,False,True,True
2025-09-23 15:15:00-04:00,Revival,15m,345.9175109863281,341.86680725097654,356.0442703247071,2.5,True,28.845460012026464,False,True,False
2025-09-24 15:45:00-04:00,Revival,15m,343.29998779296875,338.71861450195314,354.75342102050774,2.499999999999994,True,35.27849955883663,False,True,False
2025-09-26 10:00:00-04:00,Revival,15m,347.20001220703125,341.2034939575195,362.19130783081056,2.5,True,78.3680489203134,False,True,False
2025-09-26 10:15:00-04:00,Revival,15m,347.69940185546875,341.86085540771484,362.29576797485356,2.500000000000005,True,81.36854188122211,False,True,False
2025-09-30 10:15:00-04:00,Revival,15m,353.8099060058594,347.35634033203127,369.9438201904296,2.4999999999999956,True,70.87567932696736,False,True,False
2025-09-30 15:30:00-04:00,Revival,15m,354.9200134277344,350.4303012084961,366.1442939758301,2.5,True,75.67563852308031,False,True,True
2025-09-30 15:45:00-04:00,Revival,15m,355.42999267578125,350.6184942626953,367.45873870849607,2.5,True,79.92626205331821,False,True,True
2025-10-01 09:30:00-04:00,Revival,15m,356.4700012207031,350.8956024169922,370.40599822998047,2.499999999999995,True,84.65547442723599,False,True,True
2025-10-07 09:45:00-04:00,Revival,15m,366.1700134277344,360.6371987915039,380.0020500183105,2.5,True,76.75206240329699,False,True,True
2025-10-08 09:45:00-04:00,Revival,15m,371.6199951171875,362.51819274902346,394.3745010375976,2.5,True,85.31510946148535,False,True,True
2025-10-08 10:00:00-04:00,Revival,15m,372.0199890136719,362.5231475830078,395.76209259033203,2.5,True,85.20323640766436,False,True,False
2025-10-10 11:00:00-04:00,Revival,15m,369.0299987792969,362.32021087646484,385.80446853637693,2.4999999999999956,True,73.94042759774895,False,True,True
2025-10-10 15:30:00-04:00,Revival,15m,369.8297119140625,363.9834036254883,384.445482635498,2.499999999999995,True,72.86641506192589,False,True,True
2025-10-13 15:45:00-04:00,Revival,15m,378.1199951171875,372.6706475830078,391.74336395263674,2.4999999999999947,True,48.98967324290999,False,True,True
2025-10-14 09:30:00-04:00,Revival,15m,379.80499267578125,373.29930725097654,396.069206237793,2.5,True,68.46085127229762,False,True,True
2025-10-15 09:30:00-04:00,Revival,15m,385.8900146484375,376.6653012084961,408.951798248291,2.5,True,79.47853432931072,False,True,True
2025-10-16 09:30:00-04:00,Revival,15m,391.5400085449219,383.08543670654296,412.67643814086915,2.5,True,79.66448994947866,False,True,True
2025-10-16 12:15:00-04:00,Revival,15m,394.6400146484375,388.64430725097657,409.62928314208983,2.5,True,82.45915616541167,False,True,True
2025-10-16 15:45:00-04:00,Revival,15m,396.3699951171875,390.555,410.9074829101562,2.499999999999995,True,62.0979307518951,False,True,True
2025-10-17 10:30:00-04:00,Revival,15m,391.8699951171875,384.0705120849609,411.368702697754,2.5,True,40.86576432874421,False,True,False
2025-10-20 15:45:00-04:00,Revival,15m,403.0,397.13849395751953,417.65376510620115,2.499999999999995,True,86.23909812389579,False,True,True
2025-10-24 10:00:00-04:00,Revival,15m,380.19000244140625,373.0418975830078,398.06026458740234,2.500000000000004,True,47.077087753792895,True,True,False
2025-10-24 11:15:00-04:00,Revival,15m,379.55999755859375,374.53680725097655,392.1179733276367,2.4999999999999942,True,41.576640411297504,True,True,False
2025-10-28 15:45:00-04:00,Revival,15m,364.3299865722656,359.82539154052733,375.59147415161135,2.5,True,47.02290360854522,False,True,False
2025-10-29 09:30:00-04:00,Revival,15m,368.6600036621094,359.85509033203124,390.6722869873047,2.499999999999997,True,78.07096545018102,False,True,False
2025-10-29 15:00:00-04:00,Revival,15m,365.29998779296875,359.2215060424805,380.4961921691894,2.499999999999995,True,33.465836014163855,False,True,False
2025-10-30 09:30:00-04:00,Revival,15m,365.5899963378906,357.74650634765624,385.1987213134766,2.5,True,43.81544135174376,True,True,False
2025-11-03 09:30:00-05:00,Revival,15m,369.1700134277344,363.49831329345704,383.3492637634277,2.5,True,72.97665837811823,False,True,True
2025-11-07 09:45:00-05:00,Revival,15m,367.3315124511719,362.30039154052736,379.90931472778317,2.5,True,57.617772912063344,False,True,False
2025-11-07 11:15:00-05:00,Revival,15m,368.6174011230469,362.79539154052736,383.17242507934566,2.5,True,62.49327334954904,False,True,True
2025-11-07 11:30:00-05:00,Revival,15m,369.7799987792969,362.79539154052736,387.24151687622066,2.5,True,71.71200996917182,False,True,False
2025-11-07 15:45:00-05:00,Revival,15m,368.2900085449219,363.7259939575195,379.7000450134278,2.500000000000006,True,57.79974836779108,False,True,True
2025-11-10 09:30:00-05:00,Revival,15m,375.45001220703125,363.7259939575195,404.76005783081064,2.500000000000002,True,85.74840878619887,False,True,True
2025-11-10 10:00:00-05:00,Revival,15m,376.0849914550781,364.1467620849609,405.9305648803711,2.499999999999998,True,86.3742967727083,False,True,False
2025-11-11 15:45:00-05:00,Revival,15m,379.9100036621094,375.43771087646485,391.0907356262207,2.5,True,75.71275992850603,False,True,False
2025-11-12 09:30:00-05:00,Revival,15m,380.4952087402344,375.6059939575195,392.71824569702153,2.4999999999999942,True,80.62556276091642,False,True,True
2025-11-12 10:00:00-05:00,Revival,15m,382.8800048828125,375.6456024169922,400.9660110473633,2.499999999999996,True,95.6525250660544,False,True,True
2025-11-12 10:15:00-05:00,Revival,15m,383.3450012207031,375.6456024169922,402.59349822998047,2.4999999999999964,True,95.96876002995613,False,True,True
2025-11-12 10:30:00-05:00,Revival,15m,384.4599914550781,376.2593975830078,404.961476135254,2.5000000000000036,True,97.9199825871662,False,True,True
2025-11-12 11:00:00-05:00,Revival,15m,384.8699951171875,378.8730120849609,399.86245269775395,2.5,True,97.79551702262634,False,True,False
2025-11-12 15:45:00-05:00,Revival,15m,386.010009765625,381.65490966796875,396.89776000976565,2.5000000000000067,True,49.29892141756548,False,True,True
2025-11-13 11:00:00-05:00,Revival,15m,387.2200012207031,381.2390963745117,402.1722633361817,2.499999999999995,True,62.880526429232546,False,True,False
2025-09-04 11:40:00-04:00,Force,5m,326.7149963378906,322.7499096679687,334.64516967773443,2.0,False,65.71219976983902,True,True,True
2025-09-10 13:30:00-04:00,Force,5m,335.55999755859375,331.8678012084961,342.9443902587891,2.0,False,57.18252228554727,True,True,True
2025-10-10 14:00:00-04:00,Force,5m,367.17999267578125,362.98349395751956,375.57299011230464,2.0,False,56.73780355828752,True,True,True
2025-08-22 15:40:00-04:00,Revival,5m,310.260009765625,307.02870483398436,318.33827209472656,2.499999999999991,True,30.012387852396856,False,True,False
2025-08-22 15:45:00-04:00,Revival,5m,310.3500061035156,307.04849395751955,318.6037864685058,2.5,True,38.47965964628529,False,True,False
2025-08-22 15:50:00-04:00,Revival,5m,310.44000244140625,307.0881024169922,318.8197525024415,2.5000000000000084,True,50.0,True,True,True
2025-08-22 15:55:00-04:00,Revival,5m,310.55499267578125,307.0881024169922,319.222218322754,2.500000000000008,True,48.48147736121927,True,True,True
2025-08-25 13:15:00-04:00,Revival,5m,310.7099914550781,307.4543975830078,318.84897613525396,2.5,True,62.363827273920464,False,True,True
2025-08-25 14:15:00-04:00,Revival,5m,310.5199890136719,307.2068975830078,318.8027175903321,2.5000000000000084,True,43.054554703064724,True,True,False
2025-08-26 09:35:00-04:00,Revival,5m,310.8599853515625,306.7168524169922,321.21781768798826,2.5,True,66.29593460648148,False,True,False
2025-08-26 10:45:00-04:00,Revival,5m,311.04998779296875,307.53853912353514,319.82860946655273,2.499999999999992,True,54.499075037576596,False,True,False
2025-08-26 11:35:00-04:00,Revival,5m,311.5299987792969,308.08801208496095,320.1349655151367,2.5,True,83.20598238829614,False,True,True
2025-08-26 11:45:00-04:00,Revival,5m,311.6700134277344,308.23650604248047,320.25378189086916,2.5000000000000084,True,85.92580871216403,False,True,False
2025-08-26 11:55:00-04:00,Revival,5m,311.80999755859375,308.39490966796876,320.34771728515625,2.5000000000000084,True,83.33333333333333,False,True,False
2025-08-26 13:20:00-04:00,Revival,5m,311.69500732421875,308.3256024169922,320.11851959228517,2.5,True,50.23090786213112,False,True,True
2025-08-26 15:40:00-04:00,Revival,5m,312.0350036621094,308.7909036254883,320.14525375366213,2.500000000000009,True,86.9244365885992,False,True,True
2025-08-26 15:45:00-04:00,Revival,5m,312.1700134277344,308.7909036254883,320.61778793334963,2.5000000000000084,True,88.28211626801837,False,True,True
2025-08-27 12:30:00-04:00,Revival,5m,312.4700012207031,308.82555725097654,321.5811111450196,2.5,True,74.77455185307379,False,True,True
2025-08-27 12:35:00-04:00,Revival,5m,312.5199890136719,308.9393975830078,321.47146759033205,2.5,True,76.52194681810944,False,True,True
2025-08-27 12:40:00-04:00,Revival,5m,312.54998779296875,308.9987951660156,321.4279693603516,2.5,True,76.92307692307693,False,True,True
2025-08-27 15:55:00-04:00,Revival,5m,312.7099914550781,309.4146084594727,320.94844894409175,2.5,True,57.26446464198626,False,True,True
2025-08-28 09:30:00-04:00,Revival,5m,313.4800109863281,309.4146084594727,323.64351730346675,2.5,True,80.68527918781726,False,True,False
2025-08-28 09:50:00-04:00,Revival,5m,313.8299865722656,309.9393072509766,323.55668487548826,2.500000000000007,True,81.62936984185717,False,True,False
2025-08-28 12:25:00-04:00,Revival,5m,314.3399963378906,310.86,323.03998718261715,2.5,True,71.21844127332602,False,True,True
2025-08-28 15:45:00-04:00,Revival,5m,314.79998779296875,311.44409637451173,323.1897163391113,2.5000000000000084,True,59.2334725813938,False,True,True
2025-08-28 15:50:00-04:00,Revival,5m,314.974609375,311.44409637451173,323.8008918762207,2.500000000000008,True,65.25866696804454,False,True,True
2025-08-29 09:35:00-04:00,Revival,5m,315.239990234375,311.4936145019531,324.60592956542973,2.5000000000000075,True,70.45927570417649,False,True,False
2025-08-29 10:00:00-04:00,Revival,5m,315.95001220703125,312.05789154052735,325.68031387329097,2.499999999999993,True,90.8288465002702,False,True,False
2025-08-29 11:20:00-04:00,Revival,5m,317.2345886230469,313.50331329345704,326.56277694702146,2.5,True,75.19077409597139,False,True,True
2025-08-29 15:35:00-04:00,Revival,5m,317.375,313.91930786132815,326.0142303466796,2.4999999999999916,True,60.062412854392136,False,True,True
2025-08-29 15:40:00-04:00,Revival,5m,317.510009765625,313.92900604248047,326.4625190734863,2.499999999999992,True,67.75397207510832,False,True,True
2025-08-29 15:45:00-04:00,Revival,5m,317.739990234375,313.92900604248047,327.2674507141113,2.4999999999999925,True,73.16236319467055,False,True,True
2025-08-29 15:50:00-04:00,Revival,5m,318.0400085449219,314.08740966796876,327.92150573730464,2.499999999999993,True,82.2845100105374,False,True,True
2025-08-29 15:55:00-04:00,Revival,5m,318.04998779296875,314.1665963745117,327.75846633911135,2.499999999999993,True,80.46433800460154,False,True,True
2025-09-02 09:30:00-04:00,Revival,5m,320.6400146484375,314.30521087646486,336.47702407836914,2.5000000000000044,True,99.00574184086898,False,True,True
2025-09-02 09:35:00-04:00,Revival,5m,320.9100036621094,314.55271087646486,336.80323562622067,2.5,True,99.32514007986875,False,True,False
2025-09-02 09:40:00-04:00,Revival,5m,321.32501220703125,314.7803915405273,337.6865638732911,2.5000000000000044,True,99.38507104827052,False,True,False
2025-09-02 10:00:00-04:00,Revival,5m,321.6300048828125,317.42370483398435,332.14575500488286,2.4999999999999933,True,95.28619942907767,False,True,False
2025-09-02 10:05:00-04:00,Revival,5m,322.0400085449219,317.42370483398435,333.58076782226567,2.499999999999994,True,95.77451164484503,False,True,False
2025-09-02 13:55:00-04:00,Revival,5m,324.9150085449219,321.2909225463867,333.9752235412598,2.5,True,57.566099239406014,False,True,False
2025-09-02 15:05:00-04:00,Revival,5m,325.385009765625,321.3143975830078,335.561540222168,2.5,True,64.07177969044095,False,True,True
2025-09-02 15:10:00-04:00,Revival,5m,325.5350036621094,321.38865966796874,335.90086364746094,2.4999999999999933,True,69.31786655569428,False,True,False
2025-09-02 15:35:00-04:00,Revival,5m,325.8900146484375,322.2846084594727,334.90353012084955,2.5,True,71.99508238504325,False,True,True
2025-09-03 09:30:00-04:00,Revival,5m,327.4700012207031,322.01728912353514,341.10178146362307,2.4999999999999947,True,84.2001567386639,False,True,False
2025-09-03 13:50:00-04:00,Revival,5m,329.1549987792969,325.64069274902346,337.94076385498045,2.500000000000008,True,75.6749326441964,False,True,True
2025-09-03 14:05:00-04:00,Revival,5m,329.3500061035156,325.67039154052736,338.5490425109863,2.5,True,70.79698598320144,False,True,False
2025-09-04 15:20:00-04:00,Revival,5m,326.7099914550781,323.0518524169922,335.85533905029297,2.4999999999999925,True,80.499267578125,False,True,False
2025-09-05 09:30:00-04:00,Revival,5m,329.6099853515625,323.34388549804686,345.27523498535163,2.5000000000000044,True,91.55990046786546,False,True,True
2025-09-05 09:45:00-04:00,Revival,5m,330.5950012207031,325.789186706543,342.6095375061035,2.5,True,92.15764717292213,False,True,False
2025-09-05 09:50:00-04:00,Revival,5m,330.6099853515625,326.04164154052734,342.03084487915044,2.500000000000006,True,91.97429392023919,False,True,False
2025-09-05 10:00:00-04:00,Revival,5m,331.1300048828125,326.59111450195314,342.4772308349609,2.5,True,92.42110936026384,False,True,False
2025-09-05 14:50:00-04:00,Revival,5m,331.0,327.46228912353513,339.8442771911622,2.5,True,52.07184416898558,False,True,True
2025-09-05 15:45:00-04:00,Revival,5m,330.9599914550781,327.42271087646486,339.8031929016113,2.5,True,54.024180562757564,True,True,True
2025-09-05 15:50:00-04:00,Revival,5m,330.9849853515625,327.42271087646486,339.8906715393066,2.5,True,53.608900393798365,True,True,True
2025-09-08 09:45:00-04:00,Revival,5m,334.4801025390625,329.8977108764648,345.9360816955567,2.500000000000006,True,86.56265409075392,False,True,False
2025-09-08 14:45:00-04:00,Revival,5m,334.5799865722656,331.05599395751955,343.3899681091308,2.499999999999992,True,38.41145833333333,False,True,False
2025-09-10 11:30:00-04:00,Revival,5m,335.625,331.58069274902346,345.73576812744136,2.5,True,42.33782118734767,False,True,False
2025-09-10 11:35:00-04:00,Revival,5m,335.7349853515625,331.58069274902346,346.1207168579101,2.5,True,42.92606934615213,True,True,False
2025-09-10 13:35:00-04:00,Revival,5m,335.67840576171875,331.8678012084961,345.20491714477544,2.5,True,72.51186090275385,False,True,False
2025-09-10 14:00:00-04:00,Revival,5m,335.7882995605469,332.2093524169922,344.7356674194335,2.499999999999992,True,70.68899436893777,False,True,False
2025-09-10 15:45:00-04:00,Revival,5m,335.1000061035156,331.27379516601565,344.6655334472656,2.5000000000000075,True,32.66965985754919,False,True,False
2025-09-10 15:50:00-04:00,Revival,5m,335.1700134277344,331.27379516601565,344.9105590820312,2.500000000000007,True,32.97374455936726,False,True,False
2025-09-10 15:55:00-04:00,Revival,5m,335.25,331.32331329345703,345.06671676635744,2.500000000000007,True,36.95709862892526,False,True,False
2025-09-11 14:05:00-04:00,Revival,5m,334.66461181640625,331.11539154052736,343.5376625061035,2.500000000000008,True,51.57552517505836,False,True,False
2025-09-12 09:30:00-04:00,Revival,5m,336.0450134277344,331.25400604248046,348.0225318908692,2.5,True,83.35582386363636,False,True,False
2025-09-12 12:55:00-04:00,Revival,5m,335.9100036621094,332.31331329345704,344.90172958374023,2.500000000000008,True,65.19566778362852,False,True,True
2025-09-12 13:00:00-04:00,Revival,5m,335.94000244140625,332.37763549804686,344.84591979980473,2.5,True,64.32142309461739,False,True,False
2025-09-12 15:45:00-04:00,Revival,5m,335.6549987792969,332.12521087646485,344.47946853637694,2.5,True,38.47724488406915,False,True,False
2025-09-15 09:35:00-04:00,Revival,5m,337.0799865722656,332.0063854980469,349.76398925781245,2.4999999999999942,True,75.43214782435923,False,True,False
2025-09-15 09:40:00-04:00,Revival,5m,337.1719970703125,332.0063854980469,350.0860260009765,2.4999999999999947,True,78.95069219148567,False,True,False
2025-09-15 11:45:00-04:00,Revival,5m,338.1650085449219,334.0953012084961,348.33927688598635,2.500000000000007,True,93.43102232132699,False,True,True
2025-09-15 11:50:00-04:00,Revival,5m,338.5899963378906,334.1174771118164,349.7712944030761,2.499999999999994,True,94.74383716272803,False,True,True
2025-09-15 11:55:00-04:00,Revival,5m,338.79998779296875,334.2140963745117,350.2647163391114,2.500000000000006,True,95.30408757461898,False,True,False
2025-09-15 15:00:00-04:00,Revival,5m,338.5849914550781,334.97146087646485,347.61881790161135,2.500000000000008,True,40.411109214600955,False,True,False
2025-09-15 15:05:00-04:00,Revival,5m,338.6199951171875,334.97146087646485,347.74133071899416,2.500000000000008,True,38.184853543785096,True,True,True
2025-09-15 15:15:00-04:00,Revival,5m,338.7699890136719,335.04569274902343,348.080729675293,2.5000000000000075,True,48.032932478817116,False,True,True
2025-09-15 15:45:00-04:00,Revival,5m,338.9949951171875,335.2734036254883,348.2989738464355,2.5,True,74.20187591429308,False,True,True
2025-09-16 10:15:00-04:00,Revival,5m,340.7799987792969,336.59009033203125,351.25476989746096,2.5000000000000067,True,76.73777814887488,False,True,False
2025-09-16 15:45:00-04:00,Revival,5m,339.6549987792969,336.05055725097657,348.66610260009764,2.5,True,54.82284487237211,False,True,True
2025-09-16 15:50:00-04:00,Revival,5m,339.6650085449219,336.05055725097657,348.70113677978514,2.5,True,55.95885429293804,False,True,True
2025-09-17 14:05:00-04:00,Revival,5m,341.0400085449219,332.56081329345704,362.23799667358395,2.5,True,85.3069973264497,False,True,True
2025-09-17 15:00:00-04:00,Revival,5m,336.6050109863281,332.1647891235352,347.7055656433105,2.499999999999994,True,32.8441839629685,False,True,False
2025-09-17 15:05:00-04:00,Revival,5m,336.9100036621094,332.1647891235352,348.77304000854485,2.4999999999999942,True,35.30117530067088,False,True,False
2025-09-18 15:15:00-04:00,Revival,5m,335.19000244140625,331.6549548339844,344.02762145996087,2.499999999999992,True,62.32480798162958,True,True,False
2025-09-18 15:35:00-04:00,Revival,5m,335.2799072265625,331.79849395751955,343.98344039916987,2.5,True,57.98926305514885,False,True,False
2025-09-18 15:50:00-04:00,Revival,5m,335.4549865722656,331.8331475830078,344.5095840454102,2.500000000000008,True,73.25142978182589,False,True,True
2025-09-18 15:55:00-04:00,Revival,5m,335.5899963378906,331.87771087646485,344.8707099914551,2.5000000000000075,True,77.94608564557235,False,True,True
2025-09-19 09:30:00-04:00,Revival,5m,336.54998779296875,331.9024548339844,348.16882019042964,2.5,True,89.46628491093318,False,True,False
2025-09-19 13:45:00-04:00,Revival,5m,338.42999267578125,334.575436706543,348.06638259887694,2.5,True,80.55437823175384,False,True,False
2025-09-19 15:45:00-04:00,Revival,5m,339.1099853515625,335.4615060424805,348.2311836242675,2.499999999999992,True,61.14090308541229,False,True,True
2025-09-19 15:50:00-04:00,Revival,5m,339.1700134277344,335.4615060424805,348.44128189086905,2.4999999999999925,True,64.37195432395083,False,True,True
2025-09-22 09:55:00-04:00,Revival,5m,342.6099853515625,338.4215963745117,353.08095779418954,2.5000000000000067,True,84.66237787752947,False,True,False
2025-09-22 11:30:00-04:00,Revival,5m,343.5899963378906,339.3818975830078,354.1102432250977,2.5,True,79.01656586905075,False,True,False
2025-09-22 12:20:00-04:00,Revival,5m,343.94989013671875,340.3718975830078,352.8948715209961,2.5,True,82.12409353263283,False,True,False
2025-09-22 15:00:00-04:00,Revival,5m,345.0,341.2975451660156,354.256137084961,2.4999999999999925,True,56.87471387150923,False,True,True
2025-09-22 15:50:00-04:00,Revival,5m,345.010009765625,341.23319274902343,354.45205230712895,2.5000000000000075,True,60.44352511064075,False,True,True
2025-09-23 09:35:00-04:00,Revival,5m,348.5450134277344,341.45099395751953,366.28006210327146,2.499999999999996,True,87.77198484003155,False,True,False
2025-09-23 12:50:00-04:00,Revival,5m,348.04998779296875,343.06469879150393,360.5132102966308,2.5,True,52.96883344777601,False,True,False
2025-09-24 15:30:00-04:00,Revival,5m,342.57000732421875,338.71861450195314,352.19848937988274,2.4999999999999925,True,38.19152123970834,False,True,False
2025-09-24 15:40:00-04:00,Revival,5m,343.0199890136719,338.71861450195314,353.7734252929687,2.4999999999999933,True,45.68526645768026,True,True,True
2025-09-24 15:45:00-04:00,Revival,5m,343.3299865722656,338.78789154052737,354.68522415161124,2.499999999999994,True,49.96361284062424,True,True,True
2025-09-25 12:10:00-04:00,Revival,5m,344.3500061035156,340.065,355.06252136230466,2.4999999999999933,True,70.8482866260401,False,True,False
2025-09-25 13:25:00-04:00,Revival,5m,344.1300048828125,340.2531024169922,353.82226104736327,2.5,True,50.262031060267155,False,True,False
2025-09-25 14:00:00-04:00,Revival,5m,344.35101318359375,340.6291864013672,353.6555801391602,2.5,True,79.08521451365087,False,True,False
2025-09-25 14:35:00-04:00,Revival,5m,345.54998779296875,340.8174096679688,357.38143310546866,2.499999999999994,True,82.24264094461999,False,True,False
2025-09-25 15:45:00-04:00,Revival,5m,344.9549865722656,341.10448791503904,354.5812332153321,2.5,True,34.21730050026713,False,True,False
2025-09-26 10:00:00-04:00,Revival,5m,346.9100036621094,342.37951171875,358.2362335205078,2.5,True,75.70345777429154,False,True,False
2025-09-26 10:05:00-04:00,Revival,5m,347.3900146484375,342.37951171875,359.91627197265626,2.5,True,78.77632114388759,False,True,False
2025-09-26 13:15:00-04:00,Revival,5m,347.8399963378906,343.9162051391601,357.64947433471684,2.499999999999993,True,52.22771155327925,False,True,False
2025-09-29 09:30:00-04:00,Revival,5m,351.989990234375,343.00530120849606,374.4517127990723,2.499999999999997,True,80.56380628101569,False,True,True
2025-09-29 09:35:00-04:00,Revival,5m,352.1799011230469,343.00530120849606,375.1164009094239,2.499999999999997,True,82.16347655378576,False,True,False
2025-09-29 11:45:00-04:00,Revival,5m,352.7200012207031,348.153313293457,364.1367210388184,2.5,True,61.03770239924359,False,True,False
2025-09-29 14:15:00-04:00,Revival,5m,352.375,348.3711145019531,362.3847137451172,2.5,True,42.49471458773784,True,True,False
2025-09-29 15:15:00-04:00,Revival,5m,352.260009765625,348.28198791503905,362.20506439208987,2.5,True,57.989617744218975,True,True,False
2025-09-30 10:10:00-04:00,Revival,5m,353.75,348.13349395751953,367.7912651062012,2.500000000000005,True,66.61019831510649,False,True,False
2025-09-30 15:20:00-04:00,Revival,5m,354.8299865722656,350.7274099731445,365.0864280700684,2.5,True,90.78862833279794,False,True,False
2025-09-30 15:35:00-04:00,Revival,5m,354.92999267578125,351.0044879150391,364.74375457763665,2.499999999999993,True,81.75175977902522,False,True,True
2025-09-30 15:50:00-04:00,Revival,5m,355.4599914550781,351.24198760986326,366.0050010681153,2.5,True,92.60509968217278,False,True,True
2025-10-01 14:10:00-04:00,Revival,5m,355.2398986816406,351.24210845947266,365.23437423706054,2.5,True,29.53639963448066,False,True,False
2025-10-01 15:45:00-04:00,Revival,5m,356.2250061035156,352.08349365234375,366.5787872314453,2.4999999999999933,True,67.43592900740532,False,True,True
2025-10-02 15:00:00-04:00,Revival,5m,354.81500244140625,350.5094879150391,365.5787887573242,2.5000000000000067,True,88.56280546859163,False,True,True
2025-10-02 15:05:00-04:00,Revival,5m,354.840087890625,350.59861450195314,365.4437713623047,2.5000000000000067,True,92.80545601664548,False,True,True
2025-10-06 09:35:00-04:00,Revival,5m,362.3900146484375,353.91509033203124,383.57732543945315,2.5,True,92.43119266055047,False,True,False
2025-10-06 09:40:00-04:00,Revival,5m,363.0150146484375,353.91509033203124,385.76482543945315,2.5,True,93.12316672098605,False,True,False
2025-10-06 10:00:00-04:00,Revival,5m,363.0799865722656,359.0136145019531,373.24591674804697,2.500000000000007,True,93.39158239504721,False,True,False
2025-10-06 15:00:00-04:00,Revival,5m,364.5364990234375,360.5184036254883,374.5817375183105,2.5,True,64.93704984429627,False,True,True
2025-10-06 15:05:00-04:00,Revival,5m,364.67999267578125,360.5184036254883,375.0839653015136,2.5,True,64.32916755748188,False,True,True
2025-10-08 09:35:00-04:00,Revival,5m,371.0199890136719,362.54789154052736,392.20023269653313,2.4999999999999964,True,88.08940462054142,False,True,False
2025-10-08 12:10:00-04:00,Revival,5m,373.2250061035156,368.44831329345703,385.16673812866213,2.5000000000000058,True,59.52466788038286,False,True,False
2025-10-08 15:55:00-04:00,Revival,5m,372.29998779296875,367.5078012084961,384.2804542541503,2.4999999999999942,True,46.6792135970119,True,True,False
2025-10-09 09:30:00-04:00,Revival,5m,372.3819885253906,367.87409637451174,383.65171890258785,2.5,True,47.674238912069235,True,True,False
2025-10-09 15:15:00-04:00,Revival,5m,365.4049987792969,360.1718975830078,378.4877517700195,2.4999999999999947,True,64.67123149733159,True,True,False
2025-10-10 11:00:00-04:00,Revival,5m,367.8783874511719,362.653151550293,380.9414772033691,2.5000000000000053,True,67.0209029236544,False,True,True
2025-10-10 11:05:00-04:00,Revival,5m,369.0400085449219,362.96370483398437,384.23076782226565,2.5,True,74.60445174338824,False,True,False
2025-10-10 14:20:00-04:00,Revival,5m,368.75,363.4190963745117,382.07725906372076,2.5,True,87.63551068278008,False,True,True
2025-10-10 15:15:00-04:00,Revival,5m,368.69000244140625,364.11210845947267,380.1347373962402,2.5,True,66.5567940321811,False,True,False
2025-10-10 15:35:00-04:00,Revival,5m,369.20001220703125,364.9238854980469,379.8903289794921,2.4999999999999933,True,60.865476932822595,False,True,True
2025-10-10 15:40:00-04:00,Revival,5m,369.8297119140625,364.45453582763673,383.2676521301269,2.5,True,83.46239837398375,False,True,True
2025-10-13 15:45:00-04:00,Revival,5m,377.82000732421875,373.70521087646483,388.1069984436035,2.499999999999993,True,53.333107283331074,False,True,True
2025-10-13 15:50:00-04:00,Revival,5m,378.239990234375,373.70521087646483,389.5769386291504,2.499999999999994,True,63.26513665286125,False,True,True
2025-10-14 09:35:00-04:00,Revival,5m,379.1300048828125,373.8636145019531,392.2959808349609,2.4999999999999947,True,71.72231462013995,False,True,False
2025-10-14 09:40:00-04:00,Revival,5m,379.80499267578125,374.12099395751954,394.0149894714355,2.5,True,79.74840911964263,False,True,False
2025-10-14 14:50:00-04:00,Revival,5m,381.9049987792969,377.6453915405273,392.55401687622077,2.5000000000000067,True,50.83545779007939,False,True,True
2025-10-14 15:50:00-04:00,Revival,5m,381.0101013183594,376.6653012084961,391.8721015930176,2.5,True,32.8174165613318,False,True,False
2025-10-14 15:55:00-04:00,Revival,5m,381.1000061035156,376.70490966796876,392.0877471923828,2.5,True,32.517052745323156,False,True,False
2025-10-15 09:30:00-04:00,Revival,5m,385.2550048828125,376.70490966796876,406.63024291992184,2.5,True,76.17444383509383,False,True,False
2025-10-15 15:00:00-04:00,Revival,5m,386.9100036621094,382.2488854980469,398.5627990722656,2.5,True,69.55513555580262,False,True,False
2025-10-15 15:30:00-04:00,Revival,5m,387.4949951171875,383.08543670654296,398.51889114379884,2.5,True,85.7033443962216,False,True,True
2025-10-15 15:50:00-04:00,Revival,5m,387.635009765625,383.1200903320312,398.92230834960947,2.500000000000006,True,74.29378531073446,False,True,True
2025-10-16 09:35:00-04:00,Revival,5m,391.25,383.5259939575195,410.5600151062012,2.5,True,88.3638496835679,False,True,False
2025-10-16 12:15:00-04:00,Revival,5m,394.1700134277344,388.8422891235351,407.4893241882325,2.5,True,77.38444051528164,False,True,True
2025-10-16 12:20:00-04:00,Revival,5m,394.4200134277344,389.17326599121094,407.536882019043,2.5000000000000053,True,80.30542999502896,False,True,True
2025-10-16 12:25:00-04:00,Revival,5m,394.6400146484375,389.3868072509766,407.77303314208984,2.5000000000000053,True,80.88484454069095,False,True,True
2025-10-16 15:45:00-04:00,Revival,5m,395.3349914550781,390.8421084594726,406.56719894409184,2.499999999999994,True,64.3114183751176,False,True,True
2025-10-16 15:50:00-04:00,Revival,5m,396.2500915527344,390.8421084594726,409.7700492858887,2.4999999999999947,True,73.07384667380161,False,True,True
2025-10-16 15:55:00-04:00,Revival,5m,396.3699951171875,390.9906024169922,409.8184768676757,2.4999999999999947,True,81.09513143934929,False,True,True
2025-10-20 14:25:00-04:00,Revival,5m,401.0299987792969,395.86138549804684,413.95153198242195,2.5,True,71.45024107481446,False,True,True
2025-10-20 14:30:00-04:00,Revival,5m,401.19000244140625,395.86138549804684,414.51154479980477,2.5,True,67.94078880665113,False,True,True
2025-10-20 14:35:00-04:00,Revival,5m,401.3699951171875,395.9603915405273,414.89400405883794,2.5,True,84.92387974513983,False,True,True
2025-10-20 15:45:00-04:00,Revival,5m,402.32501220703125,397.6236145019531,414.07850646972656,2.499999999999994,True,71.85335195530726,False,True,True
2025-10-20 15:50:00-04:00,Revival,5m,402.4599914550781,397.7028012084961,414.35296707153316,2.5,True,80.80472071967834,False,True,True
2025-10-20 15:55:00-04:00,Revival,5m,403.0,397.7127108764648,416.21822280883794,2.5,True,87.35379682954343,False,True,True
2025-10-22 14:00:00-04:00,Revival,5m,374.8500061035156,369.32196533203125,388.67010803222655,2.5,True,65.2713923008303,False,True,False
2025-10-22 15:00:00-04:00,Revival,5m,375.9700012207031,371.1411145019531,388.0422180175782,2.5,True,69.0528614857885,False,True,True
2025-10-22 15:25:00-04:00,Revival,5m,377.7012939453125,372.24,391.3545288085937,2.5,True,77.07790164523959,False,True,True
2025-10-22 15:30:00-04:00,Revival,5m,377.8900146484375,372.408313293457,391.5942680358887,2.5,True,75.73172472872645,False,True,True
2025-10-23 09:30:00-04:00,Revival,5m,380.7799987792969,373.32900604248044,399.407480621338,2.500000000000004,True,85.95479933250532,False,True,False
2025-10-23 14:25:00-04:00,Revival,5m,381.1199951171875,376.4771987915039,392.7269859313965,2.499999999999994,True,60.29926070211165,False,True,False
2025-10-27 13:25:00-04:00,Revival,5m,368.5,363.4884036254883,381.02899093627934,2.5000000000000058,True,61.058006206304604,False,True,False
2025-10-28 15:30:00-04:00,Revival,5m,363.92999267578125,359.85509033203124,374.11724853515625,2.499999999999993,True,47.38027343229486,False,True,False
2025-10-28 15:50:00-04:00,Revival,5m,364.5799865722656,360.2115060424805,375.5011878967284,2.4999999999999933,True,78.77519159806982,False,True,True
2025-10-30 09:30:00-04:00,Revival,5m,365.1000061035156,357.88995483398435,383.1251342773438,2.5,True,54.78539296399013,True,True,False
2025-10-30 13:45:00-04:00,Revival,5m,369.07049560546875,364.45365966796874,380.6125854492188,2.5,True,67.85146255445682,False,True,True
2025-10-30 14:25:00-04:00,Revival,5m,369.1300048828125,364.54771087646486,380.5857398986816,2.5,True,68.54733489389463,False,True,True
2025-10-30 14:30:00-04:00,Revival,5m,369.32000732421875,364.54771087646486,381.25074844360347,2.5,True,69.22463155918521,False,True,False
2025-10-30 14:55:00-04:00,Revival,5m,369.4700012207031,364.9536145019531,380.7609680175782,2.5,True,56.4011539778006,False,True,True
2025-10-30 15:00:00-04:00,Revival,5m,369.9200134277344,365.2011145019531,381.7172607421876,2.500000000000006,True,63.78056083985063,False,True,False
2025-10-30 15:05:00-04:00,Revival,5m,370.2650146484375,365.31039276123045,382.65156936645513,2.5,True,78.25331102616107,False,True,False
2025-11-03 09:30:00-05:00,Revival,5m,368.82000732421875,363.9140963745117,381.0847846984864,2.5,True,58.30743563741045,False,True,False
2025-11-04 09:55:00-05:00,Revival,5m,364.0199890136719,357.77611450195315,379.6296752929687,2.5000000000000044,True,25.46600220422637,False,True,False
2025-11-04 14:10:00-05:00,Revival,5m,362.5400085449219,358.3700903320312,372.96480407714853,2.5000000000000067,True,31.101443220315886,False,True,False
2025-11-04 15:25:00-05:00,Revival,5m,362.2300109863281,358.0731024169922,372.62228240966795,2.4999999999999933,True,41.19872446938612,False,True,False
2025-11-04 15:55:00-05:00,Revival,5m,362.3500061035156,358.5087048339844,371.9532592773437,2.4999999999999925,True,54.329867294766466,False,True,True
2025-11-05 09:30:00-05:00,Revival,5m,366.5,358.5087048339844,386.478237915039,2.4999999999999964,True,81.35521668363111,False,True,False
2025-11-05 15:55:00-05:00,Revival,5m,366.5299987792969,362.6369879150391,376.2625259399414,2.5,True,44.01712948362574,False,True,False
2025-11-06 09:30:00-05:00,Revival,5m,367.8800048828125,362.6369879150391,380.98754730224607,2.5,True,66.88886052835672,False,True,False
2025-11-07 09:55:00-05:00,Revival,5m,367.3315124511719,362.8844879150391,378.4490737915039,2.500000000000006,True,62.65443083024048,False,True,False
2025-11-07 11:25:00-05:00,Revival,5m,368.6174011230469,363.80521087646486,380.64787673950195,2.5000000000000058,True,72.52027500584055,False,True,True
2025-11-07 11:30:00-05:00,Revival,5m,369.5400085449219,363.80521087646486,383.87700271606445,2.500000000000005,True,77.91094627131945,False,True,True
2025-11-07 11:35:00-05:00,Revival,5m,370.2449951171875,363.80521087646486,386.34445571899414,2.5000000000000044,True,79.87829837670074,False,True,True
2025-11-07 15:55:00-05:00,Revival,5m,368.2900085449219,364.1467620849609,378.6481246948242,2.4999999999999933,True,49.65890035724329,True,True,True
2025-11-10 09:30:00-05:00,Revival,5m,375.1650085449219,364.1467620849609,402.7106246948242,2.4999999999999973,True,84.43244148557551,False,True,False
2025-11-10 10:05:00-05:00,Revival,5m,376.3900146484375,371.4578915405273,388.72032241821296,2.5000000000000058,True,95.47163478760379,False,True,False
2025-11-10 13:15:00-05:00,Revival,5m,378.0799865722656,373.57650604248045,389.3386878967286,2.5,True,76.06595313855945,False,True,False
2025-11-11 09:30:00-05:00,Revival,5m,379.4700012207031,374.20021087646484,392.6444770812989,2.5000000000000053,True,67.62001647047425,False,True,True
2025-11-11 09:35:00-05:00,Revival,5m,379.7900085449219,374.20021087646484,393.7645027160645,2.500000000000005,True,69.86791687328135,False,True,False
2025-11-11 09:40:00-05:00,Revival,5m,380.20001220703125,374.20021087646484,395.1995155334473,2.500000000000005,True,72.69169172440841,False,True,False
2025-11-11 12:15:00-05:00,Revival,5m,378.6300048828125,374.44771087646484,389.08573989868165,2.5,True,66.47098951601322,False,True,False
2025-11-11 15:15:00-05:00,Revival,5m,379.7300109863281,375.43771087646485,390.4607612609863,2.5,True,83.83282774752385,False,True,False
2025-11-11 15:35:00-05:00,Revival,5m,379.82000732421875,375.6059939575195,390.35504074096684,2.4999999999999933,True,77.83679461590486,False,True,True
2025-11-11 15:40:00-05:00,Revival,5m,379.875,375.6059939575195,390.5475151062012,2.4999999999999933,True,78.13222225839003,False,True,True
2025-11-12 10:10:00-05:00,Revival,5m,382.8800048828125,376.5068975830078,398.81277313232425,2.5,True,82.4727628692799,False,True,True
2025-11-12 10:15:00-05:00,Revival,5m,383.3800048828125,376.5068975830078,400.56277313232425,2.5,True,83.39344806659568,False,True,True
2025-11-12 15:55:00-05:00,Revival,5m,386.010009765625,381.88259033203127,396.32855834960935,2.500000000000007,True,44.935703673343916,False,True,False
2025-11-13 09:30:00-05:00,Revival,5m,387.6000061035156,381.9122891235352,401.81929855346675,2.5,True,69.50258685104089,False,True,True
2025-11-13 11:10:00-05:00,Revival,5m,387.2200012207031,381.7984487915039,400.77388229370115,2.5,True,63.55918628864328,False,True,False
2025-11-13 15:55:00-05:00,Revival,5m,382.9700012207031,378.82349395751953,393.3362693786621,2.5,True,46.68286325273001,False,True,False
2025-11-14 13:10:00-05:00,Revival,5m,376.7099914550781,372.1410845947266,388.13225860595696,2.499999999999994,True,36.47112323783538,False,True,False
2025-11-14 15:10:00-05:00,Revival,5m,375.9800109863281,371.8836145019531,386.22100219726565,2.499999999999993,True,37.395938413882355,False,True,False
2025-11-14 15:30:00-05:00,Revival,5m,375.92999267578125,371.1113854980469,387.9765106201171,2.4999999999999942,True,41.3926573750734,False,True,False
2025-11-14 15:35:00-05:00,Revival,5m,376.42999267578125,371.1113854980469,389.7265106201171,2.4999999999999947,True,48.303265049676526,True,True,True
